{
  "Name" : "Cursor Theme",
  "Description" : "Cursor IDE color theme for iTerm2 with light and dark mode support",
  "Guid" : "5CCE66AF-F22D-445B-B572-55E9296E9E51",

  "Columns" : 120,
  "Rows" : 30,
  "Terminal Type" : "xterm-256color",
  "Scrollback Lines" : 10000,
  "Unlimited Scrollback" : false,
  "Horizontal Spacing" : 0.98999999999999999,
  "Vertical Spacing" : 1,

  "Normal Font" : "Monaco 12",
  "Non Ascii Font" : "Monaco 12",
  "Use Bold Font" : true,
  "Use Italic Font" : true,
  "Use Bright Bold" : true,
  "ASCII Anti Aliased" : true,
  "Non-ASCII Anti Aliased" : true,

  "Command" : "/bin/bash --login",
  "Custom Command" : "No",
  "Default Bookmark" : "No",
  "Prompt Before Closing 2" : false,
  "Jobs to Ignore" : ["rlogin", "ssh", "slogin", "telnet"],
  "Tags" : [],

  "Use Separate Colors for Light and Dark Mode" : true,

  "Ansi 0 Color" : {
    "Red Component" : 0.15686274509803921,
    "Color Space" : "sRGB",
    "Blue Component" : 0.20392156862745098,
    "Alpha Component" : 1,
    "Green Component" : 0.17254901960784313
  },
  "Ansi 1 Color" : {
    "Red Component" : 0.8784313725490196,
    "Color Space" : "sRGB",
    "Blue Component" : 0.45882352941176469,
    "Alpha Component" : 1,
    "Green Component" : 0.42352941176470588
  },
  "Ansi 2 Color" : {
    "Red Component" : 0.59607843137254901,
    "Color Space" : "sRGB",
    "Blue Component" : 0.47450980392156861,
    "Alpha Component" : 1,
    "Green Component" : 0.76470588235294112
  },
  "Ansi 3 Color" : {
    "Red Component" : 0.89803921568627454,
    "Color Space" : "sRGB",
    "Blue Component" : 0.4823529411764706,
    "Alpha Component" : 1,
    "Green Component" : 0.75294117647058822
  },
  "Ansi 4 Color" : {
    "Red Component" : 0.38039215686274508,
    "Color Space" : "sRGB",
    "Blue Component" : 0.93725490196078431,
    "Alpha Component" : 1,
    "Green Component" : 0.68627450980392157
  },
  "Ansi 5 Color" : {
    "Red Component" : 0.77647058823529413,
    "Color Space" : "sRGB",
    "Blue Component" : 0.8666666666666667,
    "Alpha Component" : 1,
    "Green Component" : 0.47058823529411764
  },
  "Ansi 6 Color" : {
    "Red Component" : 0.33725490196078434,
    "Color Space" : "sRGB",
    "Blue Component" : 0.76078431372549016,
    "Alpha Component" : 1,
    "Green Component" : 0.71372549019607845
  },
  "Ansi 7 Color" : {
    "Red Component" : 0.6705882352941176,
    "Color Space" : "sRGB",
    "Blue Component" : 0.74901960784313726,
    "Alpha Component" : 1,
    "Green Component" : 0.69803921568627447
  },
  "Ansi 8 Color" : {
    "Red Component" : 0.33333333333333331,
    "Color Space" : "sRGB",
    "Blue Component" : 0.40000000000000002,
    "Alpha Component" : 1,
    "Green Component" : 0.35686274509803922
  },
  "Ansi 9 Color" : {
    "Red Component" : 0.90588235294117647,
    "Color Space" : "sRGB",
    "Blue Component" : 0.50980392156862742,
    "Alpha Component" : 1,
    "Green Component" : 0.47450980392156861
  },
  "Ansi 10 Color" : {
    "Red Component" : 0.6470588235294118,
    "Color Space" : "sRGB",
    "Blue Component" : 0.52549019607843139,
    "Alpha Component" : 1,
    "Green Component" : 0.80000000000000004
  },
  "Ansi 11 Color" : {
    "Red Component" : 0.92549019607843142,
    "Color Space" : "sRGB",
    "Blue Component" : 0.53333333333333333,
    "Alpha Component" : 1,
    "Green Component" : 0.78823529411764703
  },
  "Ansi 12 Color" : {
    "Red Component" : 0.43137254901960786,
    "Color Space" : "sRGB",
    "Blue Component" : 0.96078431372549022,
    "Alpha Component" : 1,
    "Green Component" : 0.73333333333333328
  },
  "Ansi 13 Color" : {
    "Red Component" : 0.80784313725490198,
    "Color Space" : "sRGB",
    "Blue Component" : 0.89411764705882357,
    "Alpha Component" : 1,
    "Green Component" : 0.52156862745098043
  },
  "Ansi 14 Color" : {
    "Red Component" : 0.38823529411764707,
    "Color Space" : "sRGB",
    "Blue Component" : 0.80000000000000004,
    "Alpha Component" : 1,
    "Green Component" : 0.76078431372549016
  },
  "Ansi 15 Color" : {
    "Red Component" : 0.90196078431372551,
    "Color Space" : "sRGB",
    "Blue Component" : 0.93333333333333335,
    "Alpha Component" : 1,
    "Green Component" : 0.9137254901960784
  },
  "Background Color" : {
    "Red Component" : 0.11764705882352941,
    "Color Space" : "sRGB",
    "Blue Component" : 0.11764705882352941,
    "Alpha Component" : 1,
    "Green Component" : 0.11764705882352941
  },
  "Foreground Color" : {
    "Red Component" : 0.83137254901960789,
    "Color Space" : "sRGB",
    "Blue Component" : 0.83137254901960789,
    "Alpha Component" : 1,
    "Green Component" : 0.83137254901960789
  },
  "Bold Color" : {
    "Red Component" : 0.90196078431372551,
    "Color Space" : "sRGB",
    "Blue Component" : 0.93333333333333335,
    "Alpha Component" : 1,
    "Green Component" : 0.9137254901960784
  },
  "Cursor Color" : {
    "Red Component" : 0.38039215686274508,
    "Color Space" : "sRGB",
    "Blue Component" : 0.93725490196078431,
    "Alpha Component" : 1,
    "Green Component" : 0.68627450980392157
  },
  "Cursor Text Color" : {
    "Red Component" : 0.11764705882352941,
    "Color Space" : "sRGB",
    "Blue Component" : 0.11764705882352941,
    "Alpha Component" : 1,
    "Green Component" : 0.11764705882352941
  },
  "Cursor Guide Color" : {
    "Red Component" : 0.38039215686274508,
    "Color Space" : "sRGB",
    "Blue Component" : 0.93725490196078431,
    "Alpha Component" : 0.25,
    "Green Component" : 0.68627450980392157
  },
  "Selection Color" : {
    "Red Component" : 0.25490196078431371,
    "Color Space" : "sRGB",
    "Blue Component" : 0.40000000000000002,
    "Alpha Component" : 1,
    "Green Component" : 0.31372549019607843
  },
  "Selected Text Color" : {
    "Red Component" : 0.90196078431372551,
    "Color Space" : "sRGB",
    "Blue Component" : 0.93333333333333335,
    "Alpha Component" : 1,
    "Green Component" : 0.9137254901960784
  },
  "Link Color" : {
    "Red Component" : 0.38039215686274508,
    "Color Space" : "sRGB",
    "Blue Component" : 0.93725490196078431,
    "Alpha Component" : 1,
    "Green Component" : 0.68627450980392157
  },
  "Badge Color" : {
    "Red Component" : 0.38039215686274508,
    "Color Space" : "sRGB",
    "Blue Component" : 0.93725490196078431,
    "Alpha Component" : 0.5,
    "Green Component" : 0.68627450980392157
  },
  "Tab Color" : {
    "Red Component" : 0.15686274509803921,
    "Color Space" : "sRGB",
    "Blue Component" : 0.15686274509803921,
    "Alpha Component" : 1,
    "Green Component" : 0.15686274509803921
  },

  "Ansi 0 Color (Light)" : {
    "Red Component" : 0.2196078431372549,
    "Color Space" : "sRGB",
    "Blue Component" : 0.25882352941176473,
    "Alpha Component" : 1,
    "Green Component" : 0.22745098039215686
  },
  "Ansi 1 Color (Light)" : {
    "Red Component" : 0.89411764705882357,
    "Color Space" : "sRGB",
    "Blue Component" : 0.28627450980392155,
    "Alpha Component" : 1,
    "Green Component" : 0.33725490196078434
  },
  "Ansi 2 Color (Light)" : {
    "Red Component" : 0.31372549019607843,
    "Color Space" : "sRGB",
    "Blue Component" : 0.30980392156862746,
    "Alpha Component" : 1,
    "Green Component" : 0.63137254901960782
  },
  "Ansi 3 Color (Light)" : {
    "Red Component" : 0.75686274509803919,
    "Color Space" : "sRGB",
    "Blue Component" : 0.0039215686274509803,
    "Alpha Component" : 1,
    "Green Component" : 0.52156862745098043
  },
  "Ansi 4 Color (Light)" : {
    "Red Component" : 0.25098039215686274,
    "Color Space" : "sRGB",
    "Blue Component" : 0.94901960784313721,
    "Alpha Component" : 1,
    "Green Component" : 0.47058823529411764
  },
  "Ansi 5 Color (Light)" : {
    "Red Component" : 0.65098039215686276,
    "Color Space" : "sRGB",
    "Blue Component" : 0.64313725490196083,
    "Alpha Component" : 1,
    "Green Component" : 0.14901960784313725
  },
  "Ansi 6 Color (Light)" : {
    "Red Component" : 0.0039215686274509803,